{
	"/": [
		"src/routes/+page.server.ts",
		"src/routes/+layout.server.ts",
		"src/routes/+layout.server.ts"
	],
	"/about-page": [
		"src/routes/about-page/+page.server.ts",
		"src/routes/+layout.server.ts"
	],
	"/adicionar-eventos": [
		"src/routes/adicionar-eventos/+page.server.ts",
		"src/routes/+layout.server.ts"
	],
	"/adicionar-provas": [
		"src/routes/adicionar-provas/+page.server.ts",
		"src/routes/+layout.server.ts"
	],
	"/autorizar-evento": [
		"src/routes/autorizar-evento/+page.server.ts",
		"src/routes/+layout.server.ts"
	],
	"/emitir-certificados": [
		"src/routes/emitir-certificados/+page.server.ts",
		"src/routes/+layout.server.ts"
	],
	"/gerar-qrcode": [
		"src/routes/gerar-qrcode/+page.server.ts",
		"src/routes/+layout.server.ts"
	],
	"/gerenciar-pessoas": [
		"src/routes/gerenciar-pessoas/+page.server.ts",
		"src/routes/+layout.server.ts"
	],
	"/log-page": [
		"src/routes/log-page/+page.server.ts",
		"src/routes/+layout.server.ts"
	],
	"/login": [
		"src/routes/login/+page.server.ts",
		"src/routes/+layout.server.ts"
	],
	"/profile": [
		"src/routes/profile/+page.server.ts",
		"src/routes/+layout.server.ts"
	],
	"/profile/editar": [
		"src/routes/profile/editar/+page.server.ts",
		"src/routes/+layout.server.ts"
	],
	"/registrar-presenca": [
		"src/routes/registrar-presenca/+page.server.ts",
		"src/routes/+layout.server.ts"
	],
	"/sugestoes-e-pautas": [
		"src/routes/sugestoes-e-pautas/+page.server.ts",
		"src/routes/+layout.server.ts"
	]
}